Workbook

Sheet Dashboard
D8: =Settings!$I2 -> Junker 15 | E8: ID_Smeny | F8: 14.09.26_Nocni | I8: =Settings!$I3 -> Prawema 213 | J8: ID_Smeny | K8: 13.09.26_Nocni | N8: =Settings!$I4 -> HennAuto 218 | O8: ID_Smeny | P8: 14.09.26_Ranni
E9: Interval | F9: Pocet | J9: Interval | K9: Pocet | O9: Interval | P9: Pocet
E10: =IF(RIGHT($F$8,5)="Ranni",Settings!$C2,Settings!$D2) -> 19 | F10: =SUMIFS(Junker15[Pocet],Junker15[ID_Smeny],$F$8,Junker15[Interval],E10) -> 0 | J10: =IF(RIGHT($K$8,5)="Ranni",Settings!$C2,Settings!$D2) -> 19 | K10: =SUMIFS(Prawema213[Pocet],Prawema213[ID_Smeny],$K$8,Prawema213[Interval],J10) -> 0 | O10: =IF(RIGHT($P$8,5)="Ranni",Settings!$C2,Settings!$D2) -> 7 | P10: =SUMIFS(HennAuto218[Pocet],HennAuto218[ID_Smeny],$P$8,HennAuto218[Interval],O10) -> 1
E11: =IF(RIGHT($F$8,5)="Ranni",Settings!$C3,Settings!$D3) -> 20 | F11: =SUMIFS(Junker15[Pocet],Junker15[ID_Smeny],$F$8,Junker15[Interval],E11) -> 0 | J11: =IF(RIGHT($K$8,5)="Ranni",Settings!$C3,Settings!$D3) -> 20 | K11: =SUMIFS(Prawema213[Pocet],Prawema213[ID_Smeny],$K$8,Prawema213[Interval],J11) -> 0 | O11: =IF(RIGHT($P$8,5)="Ranni",Settings!$C3,Settings!$D3) -> 8 | P11: =SUMIFS(HennAuto218[Pocet],HennAuto218[ID_Smeny],$P$8,HennAuto218[Interval],O11) -> 1
E12: =IF(RIGHT($F$8,5)="Ranni",Settings!$C4,Settings!$D4) -> 21 | F12: =SUMIFS(Junker15[Pocet],Junker15[ID_Smeny],$F$8,Junker15[Interval],E12) -> 5 | J12: =IF(RIGHT($K$8,5)="Ranni",Settings!$C4,Settings!$D4) -> 21 | K12: =SUMIFS(Prawema213[Pocet],Prawema213[ID_Smeny],$K$8,Prawema213[Interval],J12) -> 0 | O12: =IF(RIGHT($P$8,5)="Ranni",Settings!$C4,Settings!$D4) -> 9 | P12: =SUMIFS(HennAuto218[Pocet],HennAuto218[ID_Smeny],$P$8,HennAuto218[Interval],O12) -> 0
E13: =IF(RIGHT($F$8,5)="Ranni",Settings!$C5,Settings!$D5) -> 22 | F13: =SUMIFS(Junker15[Pocet],Junker15[ID_Smeny],$F$8,Junker15[Interval],E13) -> 0 | J13: =IF(RIGHT($K$8,5)="Ranni",Settings!$C5,Settings!$D5) -> 22 | K13: =SUMIFS(Prawema213[Pocet],Prawema213[ID_Smeny],$K$8,Prawema213[Interval],J13) -> 0 | O13: =IF(RIGHT($P$8,5)="Ranni",Settings!$C5,Settings!$D5) -> 10 | P13: =SUMIFS(HennAuto218[Pocet],HennAuto218[ID_Smeny],$P$8,HennAuto218[Interval],O13) -> 0
E14: =IF(RIGHT($F$8,5)="Ranni",Settings!$C6,Settings!$D6) -> 23 | F14: =SUMIFS(Junker15[Pocet],Junker15[ID_Smeny],$F$8,Junker15[Interval],E14) -> 0 | J14: =IF(RIGHT($K$8,5)="Ranni",Settings!$C6,Settings!$D6) -> 23 | K14: =SUMIFS(Prawema213[Pocet],Prawema213[ID_Smeny],$K$8,Prawema213[Interval],J14) -> 0 | O14: =IF(RIGHT($P$8,5)="Ranni",Settings!$C6,Settings!$D6) -> 11 | P14: =SUMIFS(HennAuto218[Pocet],HennAuto218[ID_Smeny],$P$8,HennAuto218[Interval],O14) -> 1
E15: =IF(RIGHT($F$8,5)="Ranni",Settings!$C7,Settings!$D7) -> 0 | F15: =SUMIFS(Junker15[Pocet],Junker15[ID_Smeny],$F$8,Junker15[Interval],E15) -> 0 | J15: =IF(RIGHT($K$8,5)="Ranni",Settings!$C7,Settings!$D7) -> 0 | K15: =SUMIFS(Prawema213[Pocet],Prawema213[ID_Smeny],$K$8,Prawema213[Interval],J15) -> 0 | O15: =IF(RIGHT($P$8,5)="Ranni",Settings!$C7,Settings!$D7) -> 12 | P15: =SUMIFS(HennAuto218[Pocet],HennAuto218[ID_Smeny],$P$8,HennAuto218[Interval],O15) -> 0
E16: =IF(RIGHT($F$8,5)="Ranni",Settings!$C8,Settings!$D8) -> 1 | F16: =SUMIFS(Junker15[Pocet],Junker15[ID_Smeny],$F$8,Junker15[Interval],E16) -> 0 | J16: =IF(RIGHT($K$8,5)="Ranni",Settings!$C8,Settings!$D8) -> 1 | K16: =SUMIFS(Prawema213[Pocet],Prawema213[ID_Smeny],$K$8,Prawema213[Interval],J16) -> 7 | O16: =IF(RIGHT($P$8,5)="Ranni",Settings!$C8,Settings!$D8) -> 13 | P16: =SUMIFS(HennAuto218[Pocet],HennAuto218[ID_Smeny],$P$8,HennAuto218[Interval],O16) -> 0
E17: =IF(RIGHT($F$8,5)="Ranni",Settings!$C9,Settings!$D9) -> 2 | F17: =SUMIFS(Junker15[Pocet],Junker15[ID_Smeny],$F$8,Junker15[Interval],E17) -> 0 | J17: =IF(RIGHT($K$8,5)="Ranni",Settings!$C9,Settings!$D9) -> 2 | K17: =SUMIFS(Prawema213[Pocet],Prawema213[ID_Smeny],$K$8,Prawema213[Interval],J17) -> 0 | O17: =IF(RIGHT($P$8,5)="Ranni",Settings!$C9,Settings!$D9) -> 14 | P17: =SUMIFS(HennAuto218[Pocet],HennAuto218[ID_Smeny],$P$8,HennAuto218[Interval],O17) -> 1
E18: =IF(RIGHT($F$8,5)="Ranni",Settings!$C10,Settings!$D10) -> 3 | F18: =SUMIFS(Junker15[Pocet],Junker15[ID_Smeny],$F$8,Junker15[Interval],E18) -> 0 | J18: =IF(RIGHT($K$8,5)="Ranni",Settings!$C10,Settings!$D10) -> 3 | K18: =SUMIFS(Prawema213[Pocet],Prawema213[ID_Smeny],$K$8,Prawema213[Interval],J18) -> 0 | O18: =IF(RIGHT($P$8,5)="Ranni",Settings!$C10,Settings!$D10) -> 15 | P18: =SUMIFS(HennAuto218[Pocet],HennAuto218[ID_Smeny],$P$8,HennAuto218[Interval],O18) -> 1
E19: =IF(RIGHT($F$8,5)="Ranni",Settings!$C11,Settings!$D11) -> 4 | F19: =SUMIFS(Junker15[Pocet],Junker15[ID_Smeny],$F$8,Junker15[Interval],E19) -> 0 | J19: =IF(RIGHT($K$8,5)="Ranni",Settings!$C11,Settings!$D11) -> 4 | K19: =SUMIFS(Prawema213[Pocet],Prawema213[ID_Smeny],$K$8,Prawema213[Interval],J19) -> 0 | O19: =IF(RIGHT($P$8,5)="Ranni",Settings!$C11,Settings!$D11) -> 16 | P19: =SUMIFS(HennAuto218[Pocet],HennAuto218[ID_Smeny],$P$8,HennAuto218[Interval],O19) -> 1
E20: =IF(RIGHT($F$8,5)="Ranni",Settings!$C12,Settings!$D12) -> 5 | F20: =SUMIFS(Junker15[Pocet],Junker15[ID_Smeny],$F$8,Junker15[Interval],E20) -> 0 | J20: =IF(RIGHT($K$8,5)="Ranni",Settings!$C12,Settings!$D12) -> 5 | K20: =SUMIFS(Prawema213[Pocet],Prawema213[ID_Smeny],$K$8,Prawema213[Interval],J20) -> 0 | O20: =IF(RIGHT($P$8,5)="Ranni",Settings!$C12,Settings!$D12) -> 17 | P20: =SUMIFS(HennAuto218[Pocet],HennAuto218[ID_Smeny],$P$8,HennAuto218[Interval],O20) -> 0
E21: =IF(RIGHT($F$8,5)="Ranni",Settings!$C13,Settings!$D13) -> 6 | F21: =SUMIFS(Junker15[Pocet],Junker15[ID_Smeny],$F$8,Junker15[Interval],E21) -> 0 | J21: =IF(RIGHT($K$8,5)="Ranni",Settings!$C13,Settings!$D13) -> 6 | K21: =SUMIFS(Prawema213[Pocet],Prawema213[ID_Smeny],$K$8,Prawema213[Interval],J21) -> 0 | O21: =IF(RIGHT($P$8,5)="Ranni",Settings!$C13,Settings!$D13) -> 18 | P21: =SUMIFS(HennAuto218[Pocet],HennAuto218[ID_Smeny],$P$8,HennAuto218[Interval],O21) -> 0
D22: Celkem | F22: =SUM(F10:F21) -> 5 | I22: Celkem | K22: =SUM(K10:K21) -> 7 | N22: Celkem | P22: =SUM(P10:P21) -> 6

Sheet Settings
A1: General Settings | B1: Value | C1: Interval Ranni | D1: Interval Nocni | H1: SourceID | I1: SourceName | J1: FilePath | K1: DataTable | L1: Visible | P1: SRC1_ShiftID_List | Q1: SRC2_ShiftID_List | R1: SRC3_ShiftID_List
A2: Dashboard Name | B2: Vyrobni Dashboard | C2: 7 | D2: 19 | H2: SRC1 | I2: Junker 15 | J2: C:\Users\aboba\Documents\DEV\2. VBA\excel-dashboard\Test213.csv | K2: Junker15 | L2: TRUE | P2: {=_xlfn._xlws.SORT(_xlfn.UNIQUE(Junker15[ID_Smeny]))} -> 13.09.26_Nocni | Q2: {=_xlfn._xlws.SORT(_xlfn.UNIQUE(Prawema213[ID_Smeny]))} -> 13.09.26_Nocni | R2: {=_xlfn._xlws.SORT(_xlfn.UNIQUE(HennAuto218[ID_Smeny]))} -> 14.09.26_Nocni
A3: Ranni smena od | B3: 0.25 | C3: 8 | D3: 20 | H3: SRC2 | I3: Prawema 213 | J3: C:\Users\aboba\Documents\DEV\2. VBA\excel-dashboard\Prawema213.csv | K3: Prawema213 | L3: TRUE | P3: 14.09.26_Nocni | Q3: 14.09.26_Nocni | R3: 14.09.26_Ranni
A4: Ranni smena do | B4: 0.75 | C4: 9 | D4: 21 | H4: SRC3 | I4: HennAuto 218 | J4: C:\Users\aboba\Documents\DEV\2. VBA\excel-dashboard\HennAuto218.csv | K4: HennAuto218 | L4: TRUE | P4: 14.09.26_Ranni
A5: Nocni smena od | B5: 0.75 | C5: 10 | D5: 22
A6: Nocni smena do | B6: 0.25 | C6: 11 | D6: 23
C7: 12 | D7: 0
C8: 13 | D8: 1
C9: 14 | D9: 2
C10: 15 | D10: 3
C11: 16 | D11: 4
C12: 17 | D12: 5
C13: 18 | D13: 6

Sheet DataJunker15
A1: ID_Smeny | B1: DatumSmeny | C1: Smena | D1: Interval | E1: Pocet
A2: 13.09.26_Nocni | B2: 46278 | C2: Nocni | D2: 1 | E2: 7
A3: 14.09.26_Ranni | B3: 46279 | C3: Ranni | D3: 7 | E3: 1
A4: 14.09.26_Ranni | B4: 46279 | C4: Ranni | D4: 8 | E4: 1
A5: 14.09.26_Ranni | B5: 46279 | C5: Ranni | D5: 11 | E5: 1
A6: 14.09.26_Ranni | B6: 46279 | C6: Ranni | D6: 14 | E6: 1
A7: 14.09.26_Ranni | B7: 46279 | C7: Ranni | D7: 15 | E7: 1
A8: 14.09.26_Ranni | B8: 46279 | C8: Ranni | D8: 16 | E8: 1
A9: 14.09.26_Nocni | B9: 46279 | C9: Nocni | D9: 21 | E9: 5

Sheet DataPrawema213
A1: ID_Smeny | B1: DatumSmeny | C1: Smena | D1: Interval | E1: Pocet
A2: 13.09.26_Nocni | B2: 46278 | C2: Nocni | D2: 1 | E2: 7
A3: 14.09.26_Nocni | B3: 46279 | C3: Nocni | D3: 21 | E3: 5

Sheet DataHennAuto218
A1: ID_Smeny | B1: DatumSmeny | C1: Smena | D1: Interval | E1: Pocet
A2: 14.09.26_Ranni | B2: 46279 | C2: Ranni | D2: 7 | E2: 1
A3: 14.09.26_Ranni | B3: 46279 | C3: Ranni | D3: 8 | E3: 1
A4: 14.09.26_Ranni | B4: 46279 | C4: Ranni | D4: 11 | E4: 1
A5: 14.09.26_Ranni | B5: 46279 | C5: Ranni | D5: 14 | E5: 1
A6: 14.09.26_Ranni | B6: 46279 | C6: Ranni | D6: 15 | E6: 1
A7: 14.09.26_Ranni | B7: 46279 | C7: Ranni | D7: 16 | E7: 1
A8: 14.09.26_Nocni | B8: 46279 | C8: Nocni | D8: 21 | E8: 5
